gene_symbol	PVP01_id	category	importance	synonyms	plasmodb_description	notes	ref_doi_1	ref_doi_2	validation_status
DHFR-TS	PVP01_0526600	drug_resistance	critical	PvDHFR,PvDHFR-TS,dihydrofolate reductase-thymidylate synthase	bifunctional dihydrofolate reductase-thymidylate synthase, putative	S58R/S117N/S117T/F57L/T61M markers of pyrimethamine resistance; bifunctional enzyme; antifolate target	10.3389/fmala.2025.1530088	10.1186/s12936-016-1583-0	confirmed
DHPS	PVP01_1429500	drug_resistance	critical	PvDHPS,Pvdhps,dihydropteroate synthase	hydroxymethyldihydropterin pyrophosphokinase-dihydropteroate synthase, putative	A383G/A553G/S382C markers of sulfadoxine resistance; partner antifolate target	10.3389/fmala.2025.1530088	10.1371/journal.pone.0304337	confirmed
MDR1	PVP01_1010900	drug_resistance	critical	PvMDR1,Pvmdr1,multidrug resistance protein 1	ABC transporter B family member 1, putative, multidrug resistance protein 1, putative	Y976F/F1076L candidate markers for chloroquine and mefloquine response; copy-number variation	10.3389/fmala.2025.1530088	10.1038/s41467-024-54964-x	confirmed
CRT-o	PVP01_0109300	drug_resistance	critical	PvCRT,Pvcrt-o,chloroquine resistance transporter ortholog	chloroquine resistance transporter	Chloroquine resistance candidate; K10 insertion polymorphism; copy-number variation reported	10.3389/fmala.2025.1530088	10.1038/s41467-024-54964-x	confirmed
K12	PVP01_1211100	drug_resistance	critical	PvK12,PvKelch12,kelch propeller	kelch protein K13, putative	Ortholog of PfK13 artemisinin-resistance marker; very low diversity in field isolates	10.1186/s12936-016-1583-0	10.1371/journal.pone.0204265	confirmed
ATP4	PVP01_1311100	drug_resistance	critical	PvATP4,Na+ ATPase,P-type ATPase	non-SERCA-type Ca2  -transporting P-ATPase, putative	Ortholog of PfATP4; target of cipargamin/KAE609; verify locus tag | researcher's PVP01_1037300 was wrong; resolved by description=non-SERCA-type Ca2+-transporting P-ATPase	10.1128/mbio.01178-22	10.1038/s41598-019-46500-5	resolved
DHODH	PVP01_1145600	drug_resistance	critical	PvDHODH,dihydroorotate dehydrogenase	dihydroorotate dehydrogenase, putative	Target of DSM265; pyrimidine biosynthesis; mitochondrial inner membrane | matched description=dihydroorotate dehydrogenase	10.1038/nature12782	10.1126/scitranslmed.aaa6645	resolved
Cytb	PVP01_MIT03400	drug_resistance	critical	PvCytB,cob,cytochrome b	cytochrome b	Target of atovaquone; Y268 mutations confer resistance in P. falciparum; mitochondrial-encoded	10.1186/s13071-019-3502-z	10.3389/fitd.2023.1204195	confirmed
UBP1	PVP01_0210400	drug_resistance	high	PvUBP1,ubiquitin carboxyl-terminal hydrolase 1	ubiquitin carboxyl-terminal hydrolase 1, putative	Mutations associated with reduced artemisinin susceptibility in P. falciparum | matched Name=UBP1	10.1093/molbev/msv185	10.1093/jac/dkv044	resolved
Plasmepsin V	PVP01_1231100	drug_resistance	high	PvPMV,PvPlmV,PEXEL protease	plasmepsin V	Cleaves PEXEL motif; protein export; emerging antimalarial target | matched Name=PMV	10.1371/journal.pbio.1001897	10.1002/cmdc.202500001	resolved
Plasmepsin IX	PVP01_1319200	drug_resistance	high	PvPMIX,PvPlmIX	plasmepsin IX, putative	Asexual-stage protease; merozoite invasion; inhibitor target | matched Name=PMIX	10.1126/science.aaf8675	10.1002/cmdc.202500001	resolved
Plasmepsin X	PVP01_0112200	drug_resistance	high	PvPMX,PvPlmX	plasmepsin X, putative	Activates SUB1; egress and invasion; antimalarial target | matched Name=PMX	10.1126/science.aaf8675	10.1002/cmdc.202500001	resolved
DHFS-FPGS	PVP01_1229800	drug_resistance	moderate	PvDHFS,dihydrofolate synthase/folylpolyglutamate synthase	dihydrofolate synthase/folylpolyglutamate synthase, putative	Under selection in South Asian P. vivax; upstream of DHFR | matched Name=DHFS-FPGS	10.1038/s41467-021-23422-3	10.1186/1471-2091-11-19	resolved
FNT	PVP01_0823500	drug_resistance	moderate	PvFNT,formate-nitrite transporter,lactate transporter	formate-nitrite transporter, putative	Target of MMV-007839; lactate efflux from infected RBC | matched Name=FNT	10.1126/science.aaa6493	10.1126/science.aaa6635	resolved
MRP1	PVP01_0203000	drug_resistance	moderate	PvMRP1,multidrug resistance-associated protein 1	ABC transporter C family member 1, putative, multidrug resistance-associated protein 1, putative	ABC transporter; modulates response to multiple antimalarials | matched Name=MRP1	10.1186/s12936-019-2840-9	10.1038/s41467-024-54964-x	resolved
MRP2	PVP01_1447300	drug_resistance	moderate	PvMRP2,multidrug resistance-associated protein 2	multidrug resistance-associated protein 2, putative	ABC transporter; secondary drug-resistance candidate | matched Name=MRP2	10.1186/s12936-019-2840-9	10.1038/s41467-024-54964-x	resolved
TCTP	PVP01_1023000	drug_resistance	moderate	PvTCTP,translationally controlled tumour protein	translationally-controlled tumor protein homolog, putative	Artemisinin-binding candidate target; abundant cytosolic protein | matched Name=TCTP	10.1038/nature15517	10.1038/srep07764	resolved
PfCRT-like	unmapped	drug_resistance	moderate	PvCRTo paralog		Secondary chloroquine response candidate | no second CRT paralog in PvP01 — only PVP01_0109300 (CRT) present; PfCRT-like is not annotated as a separate ortholog	10.3389/fmala.2025.1530088	10.1038/s41467-024-54964-x	unmapped
G6PD	PVP01_1253200	drug_resistance	moderate	PvG6PD,glucose-6-phosphate dehydrogenase (parasite)	glucose-6-phosphate dehydrogenase-6-phosphogluconolactonase	Parasite G6PD; host G6PD deficiency relevant to primaquine; parasite ortholog used as control | matched Name=GluPho (G6PD-6PGL bifunctional enzyme)	10.1186/s12936-020-03197-6	10.1186/1475-2875-9-241	resolved
PfHT1-like	PVP01_0420400	drug_resistance	moderate	PvHT1,hexose transporter 1	hexose transporter	Glucose transporter; antimalarial target in P. falciparum | matched Name=HT1	10.1038/s41586-020-2858-8	10.1038/s41586-020-2858-8	resolved
CSP	PVP01_0835600	vaccine_target	critical	PvCSP,circumsporozoite protein,VK210/VK247	circumsporozoite (CS) protein	Lead pre-erythrocytic vaccine antigen; central repeats define VK210/VK247 variants	10.3389/fmala.2025.1530088	10.1186/s12936-022-04369-2	confirmed
DBP	PVP01_0623800	vaccine_target	critical	PvDBP1,PvDBP,Duffy binding protein,region II	duffy binding protein	Binds DARC for reticulocyte invasion; lead blood-stage vaccine; copy-number variation	10.1038/s41467-020-14574-9	10.3389/fcimb.2022.916702	confirmed
AMA1	PVP01_0934200	vaccine_target	critical	PvAMA1,apical membrane antigen 1	apical membrane antigen 1	Essential for invasion; clinical-trial vaccine candidate; under balancing selection | researcher's PVP01_1460700 was wrong (SUI1); correct AMA1 is PVP01_0934200	10.1093/infdis/jiaf539	10.1073/pnas.2215003120	resolved
MSP1	PVP01_0728900	vaccine_target	critical	PvMSP1,merozoite surface protein 1,MSP1-19,MSP1-42	merozoite surface protein 1	Major merozoite surface antigen; C-terminal MSP1-19/42 vaccine candidates; strong balancing selection	10.1186/1475-2875-11-65	10.1093/infdis/jiaf539	confirmed
Pvs25	PVP01_0616100	vaccine_target	critical	Pvs25,ookinete surface protein,P25	ookinete surface protein P25	Lead transmission-blocking vaccine antigen; ookinete surface; clinical trials	10.1038/s41541-023-00786-9	10.1186/s12936-019-2848-1	confirmed
Pvs28	PVP01_0616000	vaccine_target	high	Pvs28,P28,ookinete surface protein	ookinete surface protein P28, putative	Transmission-blocking partner antigen to Pvs25; tandemly arranged	10.3389/fcimb.2021.789417	10.1080/14760584.2025.2517720	confirmed
Pvs230	PVP01_0415800	vaccine_target	high	Pvs230,gametocyte surface protein 230,6-cysteine	6-cysteine protein P230, putative	Pre-fertilization transmission-blocking candidate; large 6-Cys-domain antigen	10.1186/1475-2875-11-138	10.3389/fcimb.2021.789417	confirmed
Pvs48/45	PVP01_1208100	vaccine_target	high	Pvs48/45,P48/45,6-cysteine	6-cysteine protein P48/45	Pre-fertilization transmission-blocking candidate; gametocyte/gamete surface	10.3389/fcimb.2021.789417	10.1080/14760584.2025.2517720	confirmed
Pvs47	PVP01_1208000	vaccine_target	moderate	Pvs47,P47,6-cysteine	6-cysteine protein P47	Mosquito-stage 6-Cys antigen; gametocyte; vector immune evasion	10.3389/fcimb.2021.789417	10.1080/14760584.2025.2517720	confirmed
HAP2	PVP01_0814300	vaccine_target	moderate	PvHAP2,GCS1,male gamete fusion factor	male gamete fusion factor HAP2	Conserved gamete fusogen; transmission-blocking candidate	10.3389/fcimb.2021.789417	10.1186/s12936-018-2462-1	confirmed
CelTOS	PVP01_1435400	vaccine_target	high	PvCelTOS,cell-traversal protein for ookinetes and sporozoites	cell traversal protein for ookinetes and sporozoites	Sporozoite and ookinete cell-traversal antigen; pre-erythrocytic and transmission-blocking | researcher's PVP01_1216600 was wrong (RPN3); CelTOS = PVP01_1435400 by Name=CelTOS	10.4269/ajtmh.16-0193	10.3390/ijms17030281	resolved
TRAP	PVP01_1218700	vaccine_target	high	PvTRAP,SSP2,thrombospondin-related anonymous protein	thrombospondin-related anonymous protein, putative	Sporozoite motility and hepatocyte invasion; vaccine candidate | researcher's PVP01_1132600 was TLP; canonical TRAP = PVP01_1218700	10.1186/s12936-014-0466-4	10.4269/ajtmh.16-0193	resolved
SPELD	PVP01_0938800	liver_stage	moderate	PvSPELD,sporozoite surface protein essential for liver-stage development	sporozoite surface protein essential for liver stage development, putative	Salivary-gland sporozoite marker; essential for liver-stage establishment	10.1371/journal.pntd.0010633	10.1186/s12936-018-2462-1	confirmed
MSP3-alpha	PVP01_1031700	vaccine_target	high	PvMSP3a,merozoite surface protein 3 alpha,MSP3.1	merozoite surface protein 3	Highly polymorphic merozoite surface antigen; epidemiological marker; vaccine candidate | MSP3.1 in cluster of 9 MSP3 paralogs on chr 10 (PVP01_1030900..PVP01_1031700)	10.1371/journal.pone.0063888	10.1186/1475-2875-15-323	paralog_pick
MSP3-beta	PVP01_1031500	vaccine_target	high	PvMSP3b,merozoite surface protein 3 beta,MSP3.3	merozoite surface protein 3	Member of 11-gene chromosome-10 cluster; vaccine candidate; balancing selection | MSP3.3 (Name in GFF); paralogs PVP01_1030900 (MSP3.11), PVP01_1031000 (MSP3.10), PVP01_1031200 (MSP3.9), PVP01_1031300 (MSP3.8), PVP01_1031400 (MSP3.5)	10.1371/journal.pone.0063888	10.1186/1475-2875-15-323	paralog_pick
MSP3-gamma	PVP01_1031100	vaccine_target	moderate	PvMSP3g,merozoite surface protein 3 gamma	merozoite surface protein 3	Third initially characterized MSP3 paralog; chromosome 10 cluster | MSP3G (Name in GFF); chromosome-10 cluster	10.1371/journal.pone.0063888	10.1186/1475-2875-15-323	paralog_pick
MSP7	PVP01_1219300	vaccine_target	moderate	PvMSP7,merozoite surface protein 7	MSP7-like protein	Forms complex with MSP1; multigene family on chromosome 12; polymorphic | MSP7.1 picked from 11-member MSP7-like cluster on chr 12 (PVP01_1219300..PVP01_1220400); researcher's PVP01_1219800 = MSP7.6 also valid paralog	10.1186/s12936-018-2462-1	10.1186/1475-2875-13-58	paralog_pick
MSP9	PVP01_1446800	vaccine_target	moderate	PvMSP9,merozoite surface protein 9	merozoite surface protein 9	Erythrocyte-binding merozoite surface antigen; vaccine candidate	10.1186/s12936-018-2462-1	10.1093/infdis/jiaf539	confirmed
MSP10	PVP01_1129100	vaccine_target	moderate	PvMSP10,merozoite surface protein 10	merozoite surface protein 10, putative	EGF-domain merozoite surface protein; GPI-anchored | matched Name=MSP10	10.1186/s12936-018-2462-1	10.1093/infdis/jiaf539	resolved
MSP4	PVP01_0418300	surface_antigen	moderate	PvMSP4,merozoite surface protein 4	merozoite surface protein 4	EGF-domain merozoite antigen; conserved | matched Name=MSP4	10.1186/s12936-018-2462-1	10.1186/1475-2875-13-58	resolved
MSP5	PVP01_0418400	surface_antigen	moderate	PvMSP5,merozoite surface protein 5	merozoite surface protein 5	EGF-domain merozoite antigen; vaccine candidate | matched Name=MSP5	10.1186/s12936-018-2462-1	10.1186/1475-2875-13-58	resolved
MSP8	PVP01_1032600	surface_antigen	moderate	PvMSP8,merozoite surface protein 8	merozoite surface protein 8	Conserved EGF-domain merozoite surface protein | matched Name=MSP8	10.1186/s12936-018-2462-1	10.1186/1475-2875-13-58	resolved
Pv12	PVP01_1136400	surface_antigen	high	PvP12,merozoite surface 6-Cys protein 12	6-cysteine protein P12	Low-diversity 6-Cys merozoite surface antigen; vaccine candidate; balancing selection | matched Name=P12	10.1186/1475-2875-13-58	10.1093/infdis/jiaf539	resolved
Pv38	PVP01_1026000	surface_antigen	high	PvP38,merozoite surface 6-Cys protein 38	6-cysteine protein P38, putative	Polymorphic 6-Cys merozoite surface antigen; balancing selection | matched Name=P38	10.1186/1475-2875-13-58	10.1093/infdis/jiaf539	resolved
Pv41	PVP01_0304300	surface_antigen	moderate	PvP41,merozoite surface 6-Cys protein 41	6-cysteine protein P41	6-Cys merozoite surface antigen; complex with Pv12; vaccine candidate | matched Name=P41	10.1186/s12936-018-2462-1	10.1093/infdis/jiaf539	resolved
RBP1a	PVP01_0701200	erythrocyte_binding	critical	PvRBP1a,reticulocyte binding protein 1a	reticulocyte binding protein 1a	Binds TfR1, prohibitin-2, basigin; reticulocyte tropism	10.1101/2023.02.16.528793	10.1038/srep26993	confirmed
RBP1b	PVP01_0701100	erythrocyte_binding	high	PvRBP1b,reticulocyte binding protein 1b	reticulocyte binding protein 1b	Paralog of RBP1a; reticulocyte ligand candidate	10.1038/s41598-018-28757-4	10.1111/cmi.13110	confirmed
RBP2a	PVP01_1402400	erythrocyte_binding	critical	PvRBP2a,reticulocyte binding protein 2a	reticulocyte binding protein 2a	Binds CD98; highest-expressed RBP; invasion ligand	10.1101/2023.02.16.528793	10.1111/cmi.13110	confirmed
RBP2b	PVP01_0800700	erythrocyte_binding	critical	PvRBP2b,reticulocyte binding protein 2b	reticulocyte binding protein 2b	Binds TfR1 on reticulocytes; key reticulocyte-restriction ligand	10.1038/s41598-018-28757-4	10.1186/s12936-022-04210-w	confirmed
RBP2c	PVP01_0534300	erythrocyte_binding	high	PvRBP2c,reticulocyte binding protein 2c	reticulocyte binding protein 2c	RBP family invasion ligand; vaccine candidate	10.1186/s12936-022-04210-w	10.1111/cmi.13110	confirmed
RBP2-P1	PVP01_0534400	erythrocyte_binding	moderate	PvRBP2-P1,RBP2 pseudogene 1	reticulocyte binding protein 2-P1	Truncated RBP2 paralog; binds reticulocytes; target of naturally acquired immunity | matched Name=RBP2-P1	10.3389/fimmu.2020.00496	10.1111/cmi.13110	resolved
RBP3	unmapped	erythrocyte_binding	moderate	PvRBP3,reticulocyte binding protein 3		RBP family member; reticulocyte recognition | no RBP3 in PvP01 annotation — only RBP1a/b, RBP2a/b/c, RBP2-P1 present	10.1186/s12936-022-04210-w	10.1111/cmi.13110	unmapped
EBP	PVP01_0102300	erythrocyte_binding	critical	PvEBP,PvDBP2,erythrocyte binding protein 2	duffy binding protein 2	Paralog of DBP; binds CR1 on reticulocytes; alternate Duffy-null invasion pathway; high diversity	10.1073/pnas.2316304121	10.1016/j.actatropica.2024.107240	confirmed
MAEBL	PVP01_0948400	invasion	high	PvMAEBL,merozoite apical erythrocyte-binding-like protein	membrane associated erythrocyte binding-like protein, putative	Apical merozoite/sporozoite ligand; conserved across Plasmodium | matched Name=MAEBL	10.1371/journal.pone.0210095	10.1186/s12936-022-04210-w	resolved
RipR	PVP01_0816800	invasion	high	PvRipR,Rh5-interacting protein-related	protein RIPR, putative	Component of PCR complex with PTRAMP and CSS; conserved essential invasion complex	10.1038/s41467-026-68486-1	10.1101/2025.03.25.644866	confirmed
PTRAMP	PVP01_1436800	invasion	high	PvPTRAMP,PCRCR complex	thrombospondin-related apical membrane protein	Disulfide-linked heterodimer with CSS; essential invasion complex | matched Name=TRAMP (thrombospondin-related apical membrane protein) = PTRAMP	10.1038/s41467-026-68486-1	10.1101/2025.03.25.644866	resolved
CSS	PVP01_1344100	invasion	high	PvCSS,cysteine-rich small secreted protein	cysteine-rich small secreted protein CSS, putative	Partner of PTRAMP in PCR complex; conserved across Plasmodium | matched description=cysteine-rich small secreted protein CSS	10.1038/s41467-026-68486-1	10.1101/2025.03.25.644866	resolved
RAP1	PVP01_1338500	invasion	moderate	PvRAP1,rhoptry-associated protein 1	rhoptry-associated protein 1	Rhoptry protein; merozoite invasion; antigen | matched Name=RAP1	10.1186/s12936-018-2462-1	10.1186/1475-2875-13-58	resolved
RAP2	PVP01_1033400	invasion	moderate	PvRAP2,rhoptry-associated protein 2	rhoptry-associated protein 2	Rhoptry protein complex; merozoite invasion | matched Name=RAP2	10.1186/s12936-018-2462-1	10.1186/1475-2875-13-58	resolved
RhopH3	PVP01_0703800	invasion	moderate	PvRhopH3,high-molecular-weight rhoptry protein 3	high molecular weight rhoptry protein 3, putative	Component of RhopH complex; merozoite invasion; nutrient acquisition | matched Name=RhopH3	10.1186/s12936-018-2462-1	10.1186/1475-2875-13-58	resolved
AARP	PVP01_0531900	invasion	moderate	PvAARP,apical asparagine-rich protein	apical asparagine-rich protein AARP	Apical merozoite protein; invasion candidate; vaccine target | matched Name=AARP	10.1186/s12936-022-04210-w	10.1093/infdis/jiaf539	resolved
TRAg22	PVP01_1469800	invasion	moderate	PvTRAg22,tryptophan-rich antigen 22	tryptophan-rich protein, tryptophan-rich antigen	Tryptophan-rich erythrocyte-binding antigen; reticulocyte invasion candidate | matched Name=TRAG22	10.1111/cmi.13110	10.1186/s12936-022-04210-w	resolved
TRAg38	PVP01_0503600	invasion	moderate	PvTRAg38,tryptophan-rich antigen 38	tryptophan-rich protein	Tryptophan-rich antigen; erythrocyte-binding; reticulocyte invasion candidate | matched Name=TRAG38	10.1111/cmi.13110	10.1186/s12936-022-04210-w	resolved
GAMA	PVP01_0505600	invasion	moderate	PvGAMA,GPI-anchored micronemal antigen	GPI-anchored micronemal antigen	Conserved micronemal merozoite antigen; vaccine candidate | matched Name=GAMA	10.1186/s12936-018-2462-1	10.1093/infdis/jiaf539	resolved
RON2	PVP01_1255000	invasion	moderate	PvRON2,rhoptry neck protein 2	rhoptry neck protein 2	Partner of AMA1 at moving junction; conserved invasion | matched Name=RON2	10.1073/pnas.2215003120	10.1186/s12936-018-2462-1	resolved
RON4	PVP01_0916600	invasion	moderate	PvRON4,rhoptry neck protein 4	rhoptry neck protein 4	Moving-junction component; merozoite invasion | matched Name=RON4	10.1186/s12936-018-2462-1	10.1093/infdis/jiaf539	resolved
RON5	PVP01_0517600	invasion	moderate	PvRON5,rhoptry neck protein 5	rhoptry neck protein 5	Moving-junction component; merozoite invasion | matched Name=RON5	10.1186/s12936-018-2462-1	10.1093/infdis/jiaf539	resolved
LISP2	PVP01_0304700	liver_stage	critical	PvLISP2,liver-specific protein 2	liver specific protein 2	Earliest molecular marker of replicating liver-stage parasite vs hypnozoite | matched Name=LISP2	10.7554/eLife.43362	10.1038/s41467-019-13190-6	resolved
UIS4	PVP01_0602100	liver_stage	high	PvUIS4,upregulated in infectious sporozoites 4,early transcribed membrane protein	early transcribed membrane protein	PVM marker of liver-stage parasites; expressed in hypnozoites and schizonts	10.7554/eLife.43362	10.1371/journal.pntd.0010633	confirmed
UIS3	PVP01_1403100	liver_stage	moderate	PvUIS3,upregulated in infectious sporozoites 3	protein UIS3, putative	Sporozoite and early-liver-stage marker; PVM protein | matched Name=UIS3	10.1371/journal.pntd.0010633	10.1038/s41467-018-04221-9	resolved
P36	PVP01_0303700	liver_stage	high	PvP36,6-Cys liver-infection protein	6-cysteine protein P36, putative	6-Cys hepatocyte invasion antigen; essential for liver-stage establishment; vaccine candidate | matched Name=P36	10.1371/journal.ppat.1004336	10.1038/s41467-018-04221-9	resolved
P52	PVP01_0303800	liver_stage	high	PvP52,P36p,6-Cys liver-infection protein	6-cysteine protein P52, putative	6-Cys hepatocyte invasion antigen; companion of P36; vaccine candidate | matched Name=P52	10.1371/journal.ppat.1004336	10.1038/s41467-018-04221-9	resolved
LSA1	unmapped	liver_stage	moderate	PvLSA1,liver-stage antigen 1		Liver-stage parasitophorous vacuole protein; conservation contested in vivax | no LSA1 ortholog in PvP01 annotation — closest is PVP01_0405000 (liver stage antigen 3); LSA1 conservation contested in vivax	10.4269/ajtmh.16-0193	10.1186/s12936-018-2462-1	unmapped
SIAP1	PVP01_0307900	liver_stage	moderate	PvSIAP1,sporozoite invasion-associated protein 1	sporozoite invasion-associated protein 1, putative	Required for hepatocyte invasion in rodent malaria | matched Name=SIAP1	10.1186/s12936-018-2462-1	10.1371/journal.pntd.0010633	resolved
AP2-G	PVP01_1440800	sexual_stage_transmission	critical	PvAP2-G,ApiAP2 master gametocyte regulator	AP2 domain transcription factor AP2-G, putative	Master transcriptional regulator of sexual commitment; conserved across Plasmodium	10.1038/nature12970	10.1186/s12936-018-2462-1	confirmed
AP2-G2	PVP01_1340800	sexual_stage_transmission	high	PvAP2-G2,ApiAP2 gametocyte maturation regulator	AP2 domain transcription factor AP2-G2, putative	Required for gametocyte maturation; conserved transcription factor | matched description=AP2 domain transcription factor AP2-G2	10.1101/2020.10.27.355685	10.1186/s12936-018-2462-1	resolved
AP2-O	PVP01_0943800	sexual_stage_transmission	moderate	PvAP2-O,ApiAP2 ookinete regulator	AP2 domain transcription factor AP2-O, putative	Ookinete-stage transcription factor; mosquito stage | matched Name=AP2-O	10.1186/s12936-018-2462-1	10.1038/nature12970	resolved
GDV1	PVP01_0734100	sexual_stage_transmission	high	PvGDV1,gametocyte development 1	gametocyte development protein 1, putative	Activates ap2-g expression; gametocyte commitment switch	10.1126/scitranslmed.aag2490	10.1186/s12936-018-2462-1	confirmed
Pvs16	PVP01_0305600	sexual_stage_transmission	moderate	Pvs16,sexual-stage antigen 16	parasitophorous vacuole membrane protein S16, putative	Early gametocyte marker; sexual-stage biomarker candidate	10.3389/fcimb.2021.789417	10.1080/14760584.2025.2517720	confirmed
GEST	PVP01_1258000	sexual_stage_transmission	moderate	PvGEST,gamete egress and sporozoite traversal	gamete egress and sporozoite traversal protein, putative	Required for gamete egress and sporozoite traversal	10.3389/fcimb.2021.789417	10.1371/journal.pntd.0010633	confirmed
g377	PVP01_1467200	sexual_stage_transmission	moderate	Pvg377,osmiophilic body protein	osmiophilic body protein G377, putative	Female gametocyte osmiophilic body marker; sexual-stage biomarker	10.3389/fcimb.2021.789417	10.1186/s12936-018-2462-1	confirmed
GAP	PVP01_1403000	sexual_stage_transmission	moderate	PvGAP,gametocyte-associated protein	conserved Plasmodium protein, unknown function	Highly expressed female-gametocyte biomarker	10.3389/fcimb.2021.789417	10.1080/14760584.2025.2517720	confirmed
MGET	PVP01_1435300	sexual_stage_transmission	moderate	PvMGET,male gametocyte-enriched transcript	male development gene 1, putative	Male-gametocyte marker; transmission biomarker	10.3389/fcimb.2021.789417	10.1080/14760584.2025.2517720	confirmed
ULG8	PVP01_1452800	sexual_stage_transmission	moderate	PvULG8,upregulated in late gametocytes 8	upregulated in late gametocytes ULG8, putative	Late gametocyte-enriched marker	10.3389/fcimb.2021.789417	10.1080/14760584.2025.2517720	confirmed
PUF2	PVP01_0947600	sexual_stage_transmission	moderate	PvPUF2,Pumilio-FBF translational repressor 2	sporozoite asparagine-rich protein, sporozoite and liver stage asparagine-rich protein	Translational repressor of female-gametocyte mRNAs; sporozoite quiescence	10.1186/s12936-018-2462-1	10.1371/journal.pntd.0010633	confirmed
PHIST-a (exemplar)	PVP01_0000090	variant_antigen_marker	high	PvPHIST,Plasmodium helical interspersed subtelomeric	Plasmodium exported protein (PHIST), unknown function	PHIST family exemplar; exported PVM/host-cell remodeller | researcher's PVP01_0817800 was D123 (eIF2 regulator); PHIST exemplar = PVP01_0000090 (Plasmodium exported protein (PHIST))	10.1186/s12936-016-1497-x	10.1186/1471-2164-15-1085	resolved
PHIST-b (exemplar)	PVP01_0422800	variant_antigen_marker	moderate	PvPHIST,PHIST family member	Plasmodium exported protein (PHISTb), unknown function	Second PHIST exemplar; rapidly evolving exported family | PHISTb exemplar from description=Plasmodium exported protein (PHISTb)	10.1186/s12936-016-1497-x	10.1186/1471-2164-15-1085	resolved
STP1	PVP01_0000020	variant_antigen_marker	high	PvSTP1,subtelomeric transmembrane protein 1	STP1 protein	Subtelomeric exported antigen; abundant in plasma; conserved family | STP1 protein exemplar; large subtelomeric family across multiple contigs	10.1186/s12879-020-4885-3	10.1186/s12936-016-1497-x	resolved
VIR-C exemplar	PVP01_0102400	variant_antigen_marker	high	PvVIR,vir gene subfamily C	VIR protein, PIR protein	Exemplar from largest vir subfamily; cytoadherence/immune evasion; positive control for diversifying selection | researcher's PVP01_0317600 was V-type ATPase; chose PVP01_0102400 confirmed as vir family member in PvP01.family_list.tsv	10.1186/s12936-016-1497-x	10.1186/1471-2164-15-1085	resolved
ETRAMP11.2	PVP01_0422600	variant_antigen_marker	moderate	PvETRAMP,early transcribed membrane protein 11.2	early transcribed membrane protein	PVM exported antigen; reduced polymorphism noted | matched Name=ETRAMP11.2	10.1186/s12936-023-04573-8	10.1186/s12936-016-1497-x	resolved
Pv-fam-h (exemplar)	PVP01_0001430	variant_antigen_marker	moderate	Pv-fam-h,merozoite exported family-h	Plasmodium exported protein (PHIST), unknown function	Subtelomeric merozoite-exported family exemplar | PHIST-like exported family exemplar (description=Plasmodium exported protein (PHIST)); Pv-fam-h naming not used in PlasmoDB-68 — closest annotation category is PHIST	10.1186/s12936-016-1497-x	10.1186/1471-2164-15-1085	resolved
LDH	PVP01_1229700	metabolism	high	PvLDH,lactate dehydrogenase	L-lactate dehydrogenase	Glycolytic enzyme; rapid-diagnostic-test target; established drug target	10.1093/database/baaa036	10.1186/1475-2875-13-58	confirmed
Aldolase	PVP01_1262200	metabolism	high	PvAld,fructose-bisphosphate aldolase	fructose 1,6-bisphosphate aldolase, putative	Glycolytic enzyme; pan-malarial RDT target; merozoite invasion partner	10.1093/database/baaa036	10.1186/1475-2875-13-58	confirmed
GAPDH	PVP01_1244000	metabolism	moderate	PvGAPDH,glyceraldehyde-3-phosphate dehydrogenase	glyceraldehyde-3-phosphate dehydrogenase, putative	Glycolytic enzyme; abundant cytosolic protein; diagnostic target candidate | matched Name=GAPDH	10.1016/j.exppara.2017.04.003	10.1093/database/baaa036	resolved
Enolase	PVP01_0816000	metabolism	moderate	PvENO,enolase	enolase, putative	Glycolytic enzyme; merozoite surface localization; vaccine candidate | matched Name=ENO	10.1016/j.exppara.2017.04.003	10.1186/s12936-018-2462-1	resolved
Hexokinase	PVP01_1125500	metabolism	moderate	PvHK,hexokinase	hexokinase, putative	First glycolytic enzyme; essential metabolism | matched Name=HK	10.1016/j.exppara.2017.04.003	10.1093/database/baaa036	resolved
PEPCK	PVP01_1212000	metabolism	moderate	PvPEPCK,phosphoenolpyruvate carboxykinase	phosphoenolpyruvate carboxykinase, putative	Energy metabolism; mosquito-stage importance | matched Name=PEPCK	10.1093/database/baaa036	10.1186/1475-2875-13-58	resolved
HMBS	unmapped	metabolism	moderate	PvHMBS,hydroxymethylbilane synthase		Heme biosynthesis pathway; conserved metabolic gene | no hydroxymethylbilane synthase annotation in PvP01-68 — heme biosynthesis enzyme not explicitly named	10.1186/s12936-018-2462-1	10.1093/database/baaa036	unmapped
Ferredoxin	PVP01_1419000	apicoplast_marker	moderate	PvFd,ferredoxin	ferredoxin, putative	Apicoplast iron-sulfur protein; isoprenoid biosynthesis | matched Name=FD	10.1186/s12936-018-2462-1	10.1093/database/baaa036	resolved
LytB	PVP01_0210300	apicoplast_marker	moderate	PvLytB,HMBPP reductase,IspH	4-hydroxy-3-methylbut-2-enyl diphosphate reductase, putative	Final enzyme of MEP/DOXP isoprenoid biosynthesis; fosmidomycin pathway | matched Name=LytB	10.1126/science.285.5433.1573	10.1186/s12936-018-2462-1	resolved
IspD	PVP01_0207900	apicoplast_marker	moderate	PvIspD,2-C-methyl-D-erythritol 4-phosphate cytidylyltransferase	2-C-methyl-D-erythritol 4-phosphate cytidylyltransferase	MEP pathway enzyme; apicoplast drug target | matched Name=IspD	10.1126/science.285.5433.1573	10.1186/s12936-018-2462-1	resolved
FabI	unmapped	apicoplast_marker	moderate	PvFabI,enoyl-ACP reductase		Apicoplast fatty acid synthesis; triclosan target candidate | no enoyl-ACP reductase (FabI) annotation in PvP01-68; FAS-II pathway not fully named	10.1126/science.285.5433.1573	10.1186/s12936-018-2462-1	unmapped
FabZ	PVP01_1231600	apicoplast_marker	moderate	PvFabZ,beta-hydroxyacyl-ACP dehydratase	beta-hydroxyacyl-ACP dehydratase, putative	Apicoplast fatty acid synthesis | matched Name=FabZ	10.1126/science.285.5433.1573	10.1186/s12936-018-2462-1	resolved
Cox1	PVP01_MIT03300	mitochondrial_marker	reference	PvCox1,cytochrome c oxidase subunit 1	cytochrome c oxidase subunit 1	Mitochondrial-encoded; common phylogeographic marker; conserved | researcher's PVP01_MIT01700 was rRNA fragment; Cox1 protein-coding gene = PVP01_MIT03300	10.1186/s13071-019-3502-z	10.3389/fitd.2023.1204195	resolved
Cox3	PVP01_MIT02700	mitochondrial_marker	reference	PvCox3,cytochrome c oxidase subunit 3	cytochrome oxidase subunit 3	Mitochondrial-encoded; only three mt protein-coding genes | researcher's PVP01_MIT02500 was rRNA fragment; Cox3 protein-coding gene = PVP01_MIT02700	10.1186/s13071-019-3502-z	10.3389/fitd.2023.1204195	resolved
Alpha-tubulin	PVP01_0702100	translation_housekeeping	reference	PvTubA,alpha-tubulin	alpha tubulin 1, putative	Cytoskeletal housekeeping gene; selection-analysis control | matched description=alpha tubulin 1 (primary alpha-tubulin)	10.1093/database/baaa036	10.1186/s12936-018-2462-1	resolved
Beta-tubulin	PVP01_0808400	translation_housekeeping	reference	PvTubB,beta-tubulin	tubulin beta chain, putative	Cytoskeletal housekeeping gene; selection-analysis control | matched description=tubulin beta chain	10.1093/database/baaa036	10.1186/s12936-018-2462-1	resolved
Actin-I	PVP01_1463200	translation_housekeeping	reference	PvActI,actin I	actin, putative	Cytoskeletal housekeeping gene; primary actin; control for purifying selection	10.1186/s12936-020-03467-3	10.1093/database/baaa036	confirmed
Actin-II	PVP01_1336400	translation_housekeeping	moderate	PvActII,actin II	actin II	Sexual-stage-restricted actin paralog; minor control | matched Name=ACT2	10.1186/s12936-020-03467-3	10.1093/database/baaa036	resolved
EF-1alpha	PVP01_1114800	translation_housekeeping	reference	PvEF1a,elongation factor 1 alpha	elongation factor 1-alpha, putative	Translation elongation; classic phylogeographic and housekeeping marker | two tandem eEF1A paralogs PVP01_1114800/PVP01_1114900; picked first	10.1093/database/baaa036	10.1186/s12936-018-2462-1	paralog_pick
EF-2	PVP01_1255900	translation_housekeeping	reference	PvEF2,elongation factor 2	elongation factor 2, putative	Translation elongation; conserved control | matched Name=eEF2	10.1093/database/baaa036	10.1186/s12936-018-2462-1	resolved
EF-Tu	PVP01_1206500	translation_housekeeping	reference	PvEF-Tu,elongation factor Tu	elongation factor Tu, putative	Apicoplast translation elongation factor	10.1093/database/baaa036	10.1186/s12936-018-2462-1	confirmed
HSP70-1	PVP01_0515400	translation_housekeeping	reference	PvHSP70,heat shock protein 70 (cytosolic)	heat shock protein 70, putative	Cytosolic chaperone; abundant control for purifying selection | matched Name=HSP70 (cytosolic)	10.1186/s12936-018-2462-1	10.1093/database/baaa036	resolved
HSP90	PVP01_0108700	translation_housekeeping	reference	PvHSP90,heat shock protein 90	heat shock protein 90, putative	Cytosolic chaperone; antimalarial target candidate | matched Name=HSP90 (cytosolic; also PVP01_1263100 paralog and PVP01_0918800 ER paralog)	10.1186/s12936-018-2462-1	10.1093/database/baaa036	resolved
Histone H3	PVP01_1138700	translation_housekeeping	reference	PvH3,histone H3	histone H3, putative	Core histone; extremely conserved; control for purifying selection	10.1371/journal.pbio.3000711	10.1186/s12936-018-2462-1	confirmed
Histone H4	PVP01_0905800	translation_housekeeping	reference	PvH4,histone H4	histone H4, putative	Core histone; extremely conserved; control for purifying selection	10.1371/journal.pbio.3000711	10.1186/s12936-018-2462-1	confirmed
Histone H2A	PVP01_1131700	translation_housekeeping	reference	PvH2A,histone H2A	histone H2A, putative	Core histone; conserved | matched Name=H2A	10.1371/journal.pbio.3000711	10.1186/s12936-018-2462-1	resolved
Histone H2B	PVP01_0905900	translation_housekeeping	reference	PvH2B,histone H2B	histone 2B, putative	Core histone; conserved	10.1371/journal.pbio.3000711	10.1186/s12936-018-2462-1	confirmed
Profilin	PVP01_0730900	translation_housekeeping	moderate	PvProfilin,actin-binding profilin	profilin, putative	Actin polymerization regulator; conserved	10.1093/database/baaa036	10.1186/s12936-020-03467-3	confirmed
Calmodulin	PVP01_0615900	translation_housekeeping	reference	PvCaM,calmodulin	calmodulin, putative	Conserved Ca2+ sensor; housekeeping control | PvCaM has 4 calmodulin-annotated paralogs (PVP01_0615900, PVP01_1315300, PVP01_1330600, PVP01_1423500); picked canonical PVP01_0615900	10.1093/database/baaa036	10.1186/s12936-018-2462-1	paralog_pick
HP1	PVP01_1439200	chromatin_regulator	high	PvHP1,heterochromatin protein 1	heterochromatin protein 1	H3K9me3-binding heterochromatin protein; var/vir silencing; clonal antigenic variation | matched Name=HP1	10.1371/journal.ppat.1000569	10.1186/s12936-018-2462-1	resolved
GCN5	PVP01_0511000	chromatin_regulator	moderate	PvGCN5,histone acetyltransferase GCN5	histone acetyltransferase GCN5, putative	H3K9/K14 acetyltransferase; gametocyte commitment regulator | matched Name=GCN5	10.1186/s12936-018-2462-1	10.1371/journal.ppat.1000569	resolved
SET2	PVP01_1232500	chromatin_regulator	moderate	PvSET2,SET-domain methyltransferase 2	histone-lysine N-methyltransferase SET2, putative	H3K36 methyltransferase; var/vir gene silencing | matched Name=SET2	10.1128/spectrum.03891-22	10.1186/s12936-018-2462-1	resolved
SIR2A	PVP01_1225700	chromatin_regulator	moderate	PvSIR2A,silent information regulator 2A	transcriptional regulatory protein sir2a, putative	NAD+-dependent histone deacetylase; subtelomeric silencing | matched Name=SIR2A	10.1371/journal.ppat.1000569	10.1186/s12936-018-2462-1	resolved
BDP1	PVP01_0618800	chromatin_regulator	moderate	PvBDP1,bromodomain protein 1	bromodomain protein 1, putative	Acetyl-lysine reader; invasion-gene activator | matched Name=BDP1	10.1186/s12936-018-2462-1	10.1371/journal.ppat.1000569	resolved
ASF1	PVP01_1442700	chromatin_regulator	moderate	PvASF1,anti-silencing function 1 histone chaperone	histone chaperone ASF1, putative	Histone H3-H4 chaperone; chromatin assembly	10.1371/journal.pbio.3000711	10.1186/s12936-018-2462-1	confirmed
MSP-merozoite organizer	PVP01_0715400	other_essential	moderate	PvMerozoite organizing protein,MOP	merozoite organizing protein, putative	Merozoite organizing protein; cytoskeletal assembly	10.1371/journal.pbio.3000711	10.1186/s12936-018-2462-1	confirmed
SUB1	PVP01_1026500	other_essential	high	PvSUB1,subtilisin-like protease 1	subtilisin-like protease 1	Activates merozoite egress proteases; conserved essential protease | matched Name=SUB1	10.1126/science.aaf8675	10.1186/s12936-018-2462-1	resolved
SUB2	PVP01_0937800	other_essential	moderate	PvSUB2,subtilisin-like protease 2	subtilisin-like protease 2, putative	Sheds merozoite surface proteins at invasion | matched Name=SUB2	10.1126/science.aaf8675	10.1186/s12936-018-2462-1	resolved
SERA4	PVP01_0416900	other_essential	moderate	PvSERA4,serine repeat antigen 4	serine-repeat antigen 4 (SERA)	Papain-family cysteine protease; merozoite egress; vaccine candidate | SERA cluster on chr 4 (PVP01_0416800..PVP01_0418000) holds multiple SERA paralogs; description=serine-repeat antigen 4	10.1186/s12936-018-2462-1	10.1186/1475-2875-13-58	paralog_pick
SERA5	PVP01_0417200	other_essential	moderate	PvSERA5,serine repeat antigen 5	serine-repeat antigen 5 (SERA)	Egress protease zymogen; conserved across Plasmodium | SERA cluster — description=serine-repeat antigen 5; alternative PVP01_0417600 also annotated SERA5	10.1186/s12936-018-2462-1	10.1186/1475-2875-13-58	paralog_pick
Vivapain-2	PVP01_0916000	other_essential	moderate	PvVP2,falcipain ortholog,cysteine protease	vivapain-2	Food-vacuole hemoglobin protease; drug target candidate | two vivapain-2 paralogs PVP01_0916000 and PVP01_0916200; picked PVP01_0916000	10.1186/s12936-018-2462-1	10.1186/1475-2875-13-58	paralog_pick
Vivapain-3	PVP01_0916100	other_essential	moderate	PvVP3,falcipain ortholog,cysteine protease	vivapain-3	Food-vacuole hemoglobin protease; drug target candidate | matched Name=VP3	10.1186/s12936-018-2462-1	10.1186/1475-2875-13-58	resolved
DPAP1	PVP01_0917300	other_essential	moderate	PvDPAP1,dipeptidyl aminopeptidase 1	dipeptidyl aminopeptidase 1, putative	Food-vacuole hemoglobin digestion; drug target candidate | matched Name=DPAP1	10.1186/s12936-018-2462-1	10.1186/1475-2875-13-58	resolved
M17 aminopeptidase	PVP01_1260800	other_essential	moderate	PvLAP,leucine aminopeptidase	M17 leucyl aminopeptidase	Hemoglobin digestion endpoint protease; drug target | matched Name=LAP (M17 leucyl aminopeptidase)	10.1186/s12936-018-2462-1	10.1186/1475-2875-13-58	resolved
HRP2-like	unmapped	other_essential	moderate	PvHRP,histidine-rich protein homolog		Histidine-rich proteins; heme detoxification context | no PfHRP2 ortholog in PvP01 — histidine-rich proteins absent or restricted to knob-associated KAHRP-like family	10.1186/s12936-018-2462-1	10.1186/1475-2875-13-58	unmapped
GBP130	unmapped	cytoadherence	moderate	PvGBP,glycophorin-binding protein 130 homolog		Erythrocyte surface binding candidate; conserved | no GBP130 (glycophorin-binding protein 130) ortholog in PvP01; closest is PVP01_0806500 (G-strand-binding protein 2) — different family	10.1186/s12936-022-04210-w	10.1093/infdis/jiaf539	unmapped
VIR-cytoadherence exemplar	PVP01_0121100	cytoadherence	high	PvVIR cytoadherent subgroup	VIR protein, PIR protein	Cytoadherence-implicated vir gene; reticulocyte-endothelial binding | researcher's PVP01_1117400 was V-type ATPase; chose PVP01_0121100 confirmed as vir family per PvP01.family_list.tsv	10.1186/s12936-016-1497-x	10.1186/1471-2164-15-1085	resolved
SBP1-like	PVP01_1033600	cytoadherence	moderate	PvSBP1,skeleton-binding protein 1 homolog	skeleton-binding protein 1, putative	Maurer's-cleft-like protein; host-cell remodelling | matched Name=SBP1	10.1186/s12936-016-1497-x	10.1186/s12879-020-4885-3	resolved
KAHRP-like	PVP01_0423500	cytoadherence	moderate	PvKAHRP-like,knob-associated histidine-rich protein homolog	knob-associated histidine-rich protein, putative	Host-cell-remodelling candidate; cytoadherence | matched Name=KAHRP	10.1186/s12936-016-1497-x	10.1186/s12879-020-4885-3	resolved
PVM-exported HSP	PVP01_0934800	cytoadherence	moderate	PvHSP-export,exported heat shock protein	heat shock protein 70, putative	Exported chaperone; host-cell remodelling | exported HSP70 paralog PVP01_0934800 (HSP70-3); cytosolic HSP70 = PVP01_0515400	10.1186/s12936-016-1497-x	10.1186/s12879-020-4885-3	resolved
