gene_symbol	PVP01_id_guess	category	importance	synonyms	notes	ref_doi_1	ref_doi_2
DHFR-TS	PVP01_0526600	drug_resistance	critical	PvDHFR,PvDHFR-TS,dihydrofolate reductase-thymidylate synthase	S58R/S117N/S117T/F57L/T61M markers of pyrimethamine resistance; bifunctional enzyme; antifolate target	10.3389/fmala.2025.1530088	10.1186/s12936-016-1583-0
DHPS	PVP01_1429500	drug_resistance	critical	PvDHPS,Pvdhps,dihydropteroate synthase	A383G/A553G/S382C markers of sulfadoxine resistance; partner antifolate target	10.3389/fmala.2025.1530088	10.1371/journal.pone.0304337
MDR1	PVP01_1010900	drug_resistance	critical	PvMDR1,Pvmdr1,multidrug resistance protein 1	Y976F/F1076L candidate markers for chloroquine and mefloquine response; copy-number variation	10.3389/fmala.2025.1530088	10.1038/s41467-024-54964-x
CRT-o	PVP01_0109300	drug_resistance	critical	PvCRT,Pvcrt-o,chloroquine resistance transporter ortholog	Chloroquine resistance candidate; K10 insertion polymorphism; copy-number variation reported	10.3389/fmala.2025.1530088	10.1038/s41467-024-54964-x
K12	PVP01_1211100	drug_resistance	critical	PvK12,PvKelch12,kelch propeller	Ortholog of PfK13 artemisinin-resistance marker; very low diversity in field isolates	10.1186/s12936-016-1583-0	10.1371/journal.pone.0204265
ATP4	?PVP01_1037300	drug_resistance	critical	PvATP4,Na+ ATPase,P-type ATPase	Ortholog of PfATP4; target of cipargamin/KAE609; verify locus tag	10.1128/mbio.01178-22	10.1038/s41598-019-46500-5
DHODH	TBD	drug_resistance	critical	PvDHODH,dihydroorotate dehydrogenase	Target of DSM265; pyrimidine biosynthesis; mitochondrial inner membrane	10.1038/nature12782	10.1126/scitranslmed.aaa6645
Cytb	PVP01_MIT03400	drug_resistance	critical	PvCytB,cob,cytochrome b	Target of atovaquone; Y268 mutations confer resistance in P. falciparum; mitochondrial-encoded	10.1186/s13071-019-3502-z	10.3389/fitd.2023.1204195
UBP1	TBD	drug_resistance	high	PvUBP1,ubiquitin carboxyl-terminal hydrolase 1	Mutations associated with reduced artemisinin susceptibility in P. falciparum	10.1093/molbev/msv185	10.1093/jac/dkv044
Plasmepsin V	TBD	drug_resistance	high	PvPMV,PvPlmV,PEXEL protease	Cleaves PEXEL motif; protein export; emerging antimalarial target	10.1371/journal.pbio.1001897	10.1002/cmdc.202500001
Plasmepsin IX	TBD	drug_resistance	high	PvPMIX,PvPlmIX	Asexual-stage protease; merozoite invasion; inhibitor target	10.1126/science.aaf8675	10.1002/cmdc.202500001
Plasmepsin X	TBD	drug_resistance	high	PvPMX,PvPlmX	Activates SUB1; egress and invasion; antimalarial target	10.1126/science.aaf8675	10.1002/cmdc.202500001
DHFS-FPGS	TBD	drug_resistance	moderate	PvDHFS,dihydrofolate synthase/folylpolyglutamate synthase	Under selection in South Asian P. vivax; upstream of DHFR	10.1038/s41467-021-23422-3	10.1186/1471-2091-11-19
FNT	TBD	drug_resistance	moderate	PvFNT,formate-nitrite transporter,lactate transporter	Target of MMV-007839; lactate efflux from infected RBC	10.1126/science.aaa6493	10.1126/science.aaa6635
MRP1	TBD	drug_resistance	moderate	PvMRP1,multidrug resistance-associated protein 1	ABC transporter; modulates response to multiple antimalarials	10.1186/s12936-019-2840-9	10.1038/s41467-024-54964-x
MRP2	TBD	drug_resistance	moderate	PvMRP2,multidrug resistance-associated protein 2	ABC transporter; secondary drug-resistance candidate	10.1186/s12936-019-2840-9	10.1038/s41467-024-54964-x
TCTP	TBD	drug_resistance	moderate	PvTCTP,translationally controlled tumour protein	Artemisinin-binding candidate target; abundant cytosolic protein	10.1038/nature15517	10.1038/srep07764
PfCRT-like	TBD	drug_resistance	moderate	PvCRTo paralog	Secondary chloroquine response candidate	10.3389/fmala.2025.1530088	10.1038/s41467-024-54964-x
G6PD	TBD	drug_resistance	moderate	PvG6PD,glucose-6-phosphate dehydrogenase (parasite)	Parasite G6PD; host G6PD deficiency relevant to primaquine; parasite ortholog used as control	10.1186/s12936-020-03197-6	10.1186/1475-2875-9-241
PfHT1-like	TBD	drug_resistance	moderate	PvHT1,hexose transporter 1	Glucose transporter; antimalarial target in P. falciparum	10.1038/s41586-020-2858-8	10.1038/s41586-020-2858-8
CSP	PVP01_0835600	vaccine_target	critical	PvCSP,circumsporozoite protein,VK210/VK247	Lead pre-erythrocytic vaccine antigen; central repeats define VK210/VK247 variants	10.3389/fmala.2025.1530088	10.1186/s12936-022-04369-2
DBP	PVP01_0623800	vaccine_target	critical	PvDBP1,PvDBP,Duffy binding protein,region II	Binds DARC for reticulocyte invasion; lead blood-stage vaccine; copy-number variation	10.1038/s41467-020-14574-9	10.3389/fcimb.2022.916702
AMA1	?PVP01_1460700	vaccine_target	critical	PvAMA1,apical membrane antigen 1	Essential for invasion; clinical-trial vaccine candidate; under balancing selection	10.1093/infdis/jiaf539	10.1073/pnas.2215003120
MSP1	PVP01_0728900	vaccine_target	critical	PvMSP1,merozoite surface protein 1,MSP1-19,MSP1-42	Major merozoite surface antigen; C-terminal MSP1-19/42 vaccine candidates; strong balancing selection	10.1186/1475-2875-11-65	10.1093/infdis/jiaf539
Pvs25	PVP01_0616100	vaccine_target	critical	Pvs25,ookinete surface protein,P25	Lead transmission-blocking vaccine antigen; ookinete surface; clinical trials	10.1038/s41541-023-00786-9	10.1186/s12936-019-2848-1
Pvs28	PVP01_0616000	vaccine_target	high	Pvs28,P28,ookinete surface protein	Transmission-blocking partner antigen to Pvs25; tandemly arranged	10.3389/fcimb.2021.789417	10.1080/14760584.2025.2517720
Pvs230	PVP01_0415800	vaccine_target	high	Pvs230,gametocyte surface protein 230,6-cysteine	Pre-fertilization transmission-blocking candidate; large 6-Cys-domain antigen	10.1186/1475-2875-11-138	10.3389/fcimb.2021.789417
Pvs48/45	PVP01_1208100	vaccine_target	high	Pvs48/45,P48/45,6-cysteine	Pre-fertilization transmission-blocking candidate; gametocyte/gamete surface	10.3389/fcimb.2021.789417	10.1080/14760584.2025.2517720
Pvs47	PVP01_1208000	vaccine_target	moderate	Pvs47,P47,6-cysteine	Mosquito-stage 6-Cys antigen; gametocyte; vector immune evasion	10.3389/fcimb.2021.789417	10.1080/14760584.2025.2517720
HAP2	PVP01_0814300	vaccine_target	moderate	PvHAP2,GCS1,male gamete fusion factor	Conserved gamete fusogen; transmission-blocking candidate	10.3389/fcimb.2021.789417	10.1186/s12936-018-2462-1
CelTOS	?PVP01_1216600	vaccine_target	high	PvCelTOS,cell-traversal protein for ookinetes and sporozoites	Sporozoite and ookinete cell-traversal antigen; pre-erythrocytic and transmission-blocking	10.4269/ajtmh.16-0193	10.3390/ijms17030281
TRAP	?PVP01_1132600	vaccine_target	high	PvTRAP,SSP2,thrombospondin-related anonymous protein	Sporozoite motility and hepatocyte invasion; vaccine candidate	10.1186/s12936-014-0466-4	10.4269/ajtmh.16-0193
SPELD	PVP01_0938800	liver_stage	moderate	PvSPELD,sporozoite surface protein essential for liver-stage development	Salivary-gland sporozoite marker; essential for liver-stage establishment	10.1371/journal.pntd.0010633	10.1186/s12936-018-2462-1
MSP3-alpha	PVP01_1031700	vaccine_target	high	PvMSP3a,merozoite surface protein 3 alpha,MSP3.1	Highly polymorphic merozoite surface antigen; epidemiological marker; vaccine candidate	10.1371/journal.pone.0063888	10.1186/1475-2875-15-323
MSP3-beta	?PVP01_1031500	vaccine_target	high	PvMSP3b,merozoite surface protein 3 beta,MSP3.3	Member of 11-gene chromosome-10 cluster; vaccine candidate; balancing selection	10.1371/journal.pone.0063888	10.1186/1475-2875-15-323
MSP3-gamma	?PVP01_1031100	vaccine_target	moderate	PvMSP3g,merozoite surface protein 3 gamma	Third initially characterized MSP3 paralog; chromosome 10 cluster	10.1371/journal.pone.0063888	10.1186/1475-2875-15-323
MSP7	?PVP01_1219800	vaccine_target	moderate	PvMSP7,merozoite surface protein 7	Forms complex with MSP1; multigene family on chromosome 12; polymorphic	10.1186/s12936-018-2462-1	10.1186/1475-2875-13-58
MSP9	?PVP01_1446800	vaccine_target	moderate	PvMSP9,merozoite surface protein 9	Erythrocyte-binding merozoite surface antigen; vaccine candidate	10.1186/s12936-018-2462-1	10.1093/infdis/jiaf539
MSP10	TBD	vaccine_target	moderate	PvMSP10,merozoite surface protein 10	EGF-domain merozoite surface protein; GPI-anchored	10.1186/s12936-018-2462-1	10.1093/infdis/jiaf539
MSP4	TBD	surface_antigen	moderate	PvMSP4,merozoite surface protein 4	EGF-domain merozoite antigen; conserved	10.1186/s12936-018-2462-1	10.1186/1475-2875-13-58
MSP5	TBD	surface_antigen	moderate	PvMSP5,merozoite surface protein 5	EGF-domain merozoite antigen; vaccine candidate	10.1186/s12936-018-2462-1	10.1186/1475-2875-13-58
MSP8	TBD	surface_antigen	moderate	PvMSP8,merozoite surface protein 8	Conserved EGF-domain merozoite surface protein	10.1186/s12936-018-2462-1	10.1186/1475-2875-13-58
Pv12	TBD	surface_antigen	high	PvP12,merozoite surface 6-Cys protein 12	Low-diversity 6-Cys merozoite surface antigen; vaccine candidate; balancing selection	10.1186/1475-2875-13-58	10.1093/infdis/jiaf539
Pv38	TBD	surface_antigen	high	PvP38,merozoite surface 6-Cys protein 38	Polymorphic 6-Cys merozoite surface antigen; balancing selection	10.1186/1475-2875-13-58	10.1093/infdis/jiaf539
Pv41	TBD	surface_antigen	moderate	PvP41,merozoite surface 6-Cys protein 41	6-Cys merozoite surface antigen; complex with Pv12; vaccine candidate	10.1186/s12936-018-2462-1	10.1093/infdis/jiaf539
RBP1a	PVP01_0701200	erythrocyte_binding	critical	PvRBP1a,reticulocyte binding protein 1a	Binds TfR1, prohibitin-2, basigin; reticulocyte tropism	10.1101/2023.02.16.528793	10.1038/srep26993
RBP1b	?PVP01_0701100	erythrocyte_binding	high	PvRBP1b,reticulocyte binding protein 1b	Paralog of RBP1a; reticulocyte ligand candidate	10.1038/s41598-018-28757-4	10.1111/cmi.13110
RBP2a	PVP01_1402400	erythrocyte_binding	critical	PvRBP2a,reticulocyte binding protein 2a	Binds CD98; highest-expressed RBP; invasion ligand	10.1101/2023.02.16.528793	10.1111/cmi.13110
RBP2b	PVP01_0800700	erythrocyte_binding	critical	PvRBP2b,reticulocyte binding protein 2b	Binds TfR1 on reticulocytes; key reticulocyte-restriction ligand	10.1038/s41598-018-28757-4	10.1186/s12936-022-04210-w
RBP2c	PVP01_0534300	erythrocyte_binding	high	PvRBP2c,reticulocyte binding protein 2c	RBP family invasion ligand; vaccine candidate	10.1186/s12936-022-04210-w	10.1111/cmi.13110
RBP2-P1	TBD	erythrocyte_binding	moderate	PvRBP2-P1,RBP2 pseudogene 1	Truncated RBP2 paralog; binds reticulocytes; target of naturally acquired immunity	10.3389/fimmu.2020.00496	10.1111/cmi.13110
RBP3	TBD	erythrocyte_binding	moderate	PvRBP3,reticulocyte binding protein 3	RBP family member; reticulocyte recognition	10.1186/s12936-022-04210-w	10.1111/cmi.13110
EBP	PVP01_0102300	erythrocyte_binding	critical	PvEBP,PvDBP2,erythrocyte binding protein 2	Paralog of DBP; binds CR1 on reticulocytes; alternate Duffy-null invasion pathway; high diversity	10.1073/pnas.2316304121	10.1016/j.actatropica.2024.107240
MAEBL	TBD	invasion	high	PvMAEBL,merozoite apical erythrocyte-binding-like protein	Apical merozoite/sporozoite ligand; conserved across Plasmodium	10.1371/journal.pone.0210095	10.1186/s12936-022-04210-w
RipR	PVP01_0816800	invasion	high	PvRipR,Rh5-interacting protein-related	Component of PCR complex with PTRAMP and CSS; conserved essential invasion complex	10.1038/s41467-026-68486-1	10.1101/2025.03.25.644866
PTRAMP	TBD	invasion	high	PvPTRAMP,PCRCR complex	Disulfide-linked heterodimer with CSS; essential invasion complex	10.1038/s41467-026-68486-1	10.1101/2025.03.25.644866
CSS	TBD	invasion	high	PvCSS,cysteine-rich small secreted protein	Partner of PTRAMP in PCR complex; conserved across Plasmodium	10.1038/s41467-026-68486-1	10.1101/2025.03.25.644866
RAP1	TBD	invasion	moderate	PvRAP1,rhoptry-associated protein 1	Rhoptry protein; merozoite invasion; antigen	10.1186/s12936-018-2462-1	10.1186/1475-2875-13-58
RAP2	TBD	invasion	moderate	PvRAP2,rhoptry-associated protein 2	Rhoptry protein complex; merozoite invasion	10.1186/s12936-018-2462-1	10.1186/1475-2875-13-58
RhopH3	TBD	invasion	moderate	PvRhopH3,high-molecular-weight rhoptry protein 3	Component of RhopH complex; merozoite invasion; nutrient acquisition	10.1186/s12936-018-2462-1	10.1186/1475-2875-13-58
AARP	TBD	invasion	moderate	PvAARP,apical asparagine-rich protein	Apical merozoite protein; invasion candidate; vaccine target	10.1186/s12936-022-04210-w	10.1093/infdis/jiaf539
TRAg22	TBD	invasion	moderate	PvTRAg22,tryptophan-rich antigen 22	Tryptophan-rich erythrocyte-binding antigen; reticulocyte invasion candidate	10.1111/cmi.13110	10.1186/s12936-022-04210-w
TRAg38	TBD	invasion	moderate	PvTRAg38,tryptophan-rich antigen 38	Tryptophan-rich antigen; erythrocyte-binding; reticulocyte invasion candidate	10.1111/cmi.13110	10.1186/s12936-022-04210-w
GAMA	TBD	invasion	moderate	PvGAMA,GPI-anchored micronemal antigen	Conserved micronemal merozoite antigen; vaccine candidate	10.1186/s12936-018-2462-1	10.1093/infdis/jiaf539
RON2	TBD	invasion	moderate	PvRON2,rhoptry neck protein 2	Partner of AMA1 at moving junction; conserved invasion	10.1073/pnas.2215003120	10.1186/s12936-018-2462-1
RON4	TBD	invasion	moderate	PvRON4,rhoptry neck protein 4	Moving-junction component; merozoite invasion	10.1186/s12936-018-2462-1	10.1093/infdis/jiaf539
RON5	TBD	invasion	moderate	PvRON5,rhoptry neck protein 5	Moving-junction component; merozoite invasion	10.1186/s12936-018-2462-1	10.1093/infdis/jiaf539
LISP2	TBD	liver_stage	critical	PvLISP2,liver-specific protein 2	Earliest molecular marker of replicating liver-stage parasite vs hypnozoite	10.7554/eLife.43362	10.1038/s41467-019-13190-6
UIS4	PVP01_0602100	liver_stage	high	PvUIS4,upregulated in infectious sporozoites 4,early transcribed membrane protein	PVM marker of liver-stage parasites; expressed in hypnozoites and schizonts	10.7554/eLife.43362	10.1371/journal.pntd.0010633
UIS3	TBD	liver_stage	moderate	PvUIS3,upregulated in infectious sporozoites 3	Sporozoite and early-liver-stage marker; PVM protein	10.1371/journal.pntd.0010633	10.1038/s41467-018-04221-9
P36	TBD	liver_stage	high	PvP36,6-Cys liver-infection protein	6-Cys hepatocyte invasion antigen; essential for liver-stage establishment; vaccine candidate	10.1371/journal.ppat.1004336	10.1038/s41467-018-04221-9
P52	TBD	liver_stage	high	PvP52,P36p,6-Cys liver-infection protein	6-Cys hepatocyte invasion antigen; companion of P36; vaccine candidate	10.1371/journal.ppat.1004336	10.1038/s41467-018-04221-9
LSA1	TBD	liver_stage	moderate	PvLSA1,liver-stage antigen 1	Liver-stage parasitophorous vacuole protein; conservation contested in vivax	10.4269/ajtmh.16-0193	10.1186/s12936-018-2462-1
SIAP1	TBD	liver_stage	moderate	PvSIAP1,sporozoite invasion-associated protein 1	Required for hepatocyte invasion in rodent malaria	10.1186/s12936-018-2462-1	10.1371/journal.pntd.0010633
AP2-G	PVP01_1440800	sexual_stage_transmission	critical	PvAP2-G,ApiAP2 master gametocyte regulator	Master transcriptional regulator of sexual commitment; conserved across Plasmodium	10.1038/nature12970	10.1186/s12936-018-2462-1
AP2-G2	TBD	sexual_stage_transmission	high	PvAP2-G2,ApiAP2 gametocyte maturation regulator	Required for gametocyte maturation; conserved transcription factor	10.1101/2020.10.27.355685	10.1186/s12936-018-2462-1
AP2-O	TBD	sexual_stage_transmission	moderate	PvAP2-O,ApiAP2 ookinete regulator	Ookinete-stage transcription factor; mosquito stage	10.1186/s12936-018-2462-1	10.1038/nature12970
GDV1	PVP01_0734100	sexual_stage_transmission	high	PvGDV1,gametocyte development 1	Activates ap2-g expression; gametocyte commitment switch	10.1126/scitranslmed.aag2490	10.1186/s12936-018-2462-1
Pvs16	PVP01_0305600	sexual_stage_transmission	moderate	Pvs16,sexual-stage antigen 16	Early gametocyte marker; sexual-stage biomarker candidate	10.3389/fcimb.2021.789417	10.1080/14760584.2025.2517720
GEST	PVP01_1258000	sexual_stage_transmission	moderate	PvGEST,gamete egress and sporozoite traversal	Required for gamete egress and sporozoite traversal	10.3389/fcimb.2021.789417	10.1371/journal.pntd.0010633
g377	PVP01_1467200	sexual_stage_transmission	moderate	Pvg377,osmiophilic body protein	Female gametocyte osmiophilic body marker; sexual-stage biomarker	10.3389/fcimb.2021.789417	10.1186/s12936-018-2462-1
GAP	PVP01_1403000	sexual_stage_transmission	moderate	PvGAP,gametocyte-associated protein	Highly expressed female-gametocyte biomarker	10.3389/fcimb.2021.789417	10.1080/14760584.2025.2517720
MGET	PVP01_1435300	sexual_stage_transmission	moderate	PvMGET,male gametocyte-enriched transcript	Male-gametocyte marker; transmission biomarker	10.3389/fcimb.2021.789417	10.1080/14760584.2025.2517720
ULG8	PVP01_1452800	sexual_stage_transmission	moderate	PvULG8,upregulated in late gametocytes 8	Late gametocyte-enriched marker	10.3389/fcimb.2021.789417	10.1080/14760584.2025.2517720
PUF2	PVP01_0947600	sexual_stage_transmission	moderate	PvPUF2,Pumilio-FBF translational repressor 2	Translational repressor of female-gametocyte mRNAs; sporozoite quiescence	10.1186/s12936-018-2462-1	10.1371/journal.pntd.0010633
PHIST-a (exemplar)	?PVP01_0817800	variant_antigen_marker	high	PvPHIST,Plasmodium helical interspersed subtelomeric	PHIST family exemplar; exported PVM/host-cell remodeller	10.1186/s12936-016-1497-x	10.1186/1471-2164-15-1085
PHIST-b (exemplar)	TBD	variant_antigen_marker	moderate	PvPHIST,PHIST family member	Second PHIST exemplar; rapidly evolving exported family	10.1186/s12936-016-1497-x	10.1186/1471-2164-15-1085
STP1	TBD	variant_antigen_marker	high	PvSTP1,subtelomeric transmembrane protein 1	Subtelomeric exported antigen; abundant in plasma; conserved family	10.1186/s12879-020-4885-3	10.1186/s12936-016-1497-x
VIR-C exemplar	?PVP01_0317600	variant_antigen_marker	high	PvVIR,vir gene subfamily C	Exemplar from largest vir subfamily; cytoadherence/immune evasion; positive control for diversifying selection	10.1186/s12936-016-1497-x	10.1186/1471-2164-15-1085
ETRAMP11.2	TBD	variant_antigen_marker	moderate	PvETRAMP,early transcribed membrane protein 11.2	PVM exported antigen; reduced polymorphism noted	10.1186/s12936-023-04573-8	10.1186/s12936-016-1497-x
Pv-fam-h (exemplar)	TBD	variant_antigen_marker	moderate	Pv-fam-h,merozoite exported family-h	Subtelomeric merozoite-exported family exemplar	10.1186/s12936-016-1497-x	10.1186/1471-2164-15-1085
LDH	PVP01_1229700	metabolism	high	PvLDH,lactate dehydrogenase	Glycolytic enzyme; rapid-diagnostic-test target; established drug target	10.1093/database/baaa036	10.1186/1475-2875-13-58
Aldolase	PVP01_1262200	metabolism	high	PvAld,fructose-bisphosphate aldolase	Glycolytic enzyme; pan-malarial RDT target; merozoite invasion partner	10.1093/database/baaa036	10.1186/1475-2875-13-58
GAPDH	TBD	metabolism	moderate	PvGAPDH,glyceraldehyde-3-phosphate dehydrogenase	Glycolytic enzyme; abundant cytosolic protein; diagnostic target candidate	10.1016/j.exppara.2017.04.003	10.1093/database/baaa036
Enolase	TBD	metabolism	moderate	PvENO,enolase	Glycolytic enzyme; merozoite surface localization; vaccine candidate	10.1016/j.exppara.2017.04.003	10.1186/s12936-018-2462-1
Hexokinase	TBD	metabolism	moderate	PvHK,hexokinase	First glycolytic enzyme; essential metabolism	10.1016/j.exppara.2017.04.003	10.1093/database/baaa036
PEPCK	TBD	metabolism	moderate	PvPEPCK,phosphoenolpyruvate carboxykinase	Energy metabolism; mosquito-stage importance	10.1093/database/baaa036	10.1186/1475-2875-13-58
HMBS	TBD	metabolism	moderate	PvHMBS,hydroxymethylbilane synthase	Heme biosynthesis pathway; conserved metabolic gene	10.1186/s12936-018-2462-1	10.1093/database/baaa036
Ferredoxin	TBD	apicoplast_marker	moderate	PvFd,ferredoxin	Apicoplast iron-sulfur protein; isoprenoid biosynthesis	10.1186/s12936-018-2462-1	10.1093/database/baaa036
LytB	TBD	apicoplast_marker	moderate	PvLytB,HMBPP reductase,IspH	Final enzyme of MEP/DOXP isoprenoid biosynthesis; fosmidomycin pathway	10.1126/science.285.5433.1573	10.1186/s12936-018-2462-1
IspD	TBD	apicoplast_marker	moderate	PvIspD,2-C-methyl-D-erythritol 4-phosphate cytidylyltransferase	MEP pathway enzyme; apicoplast drug target	10.1126/science.285.5433.1573	10.1186/s12936-018-2462-1
FabI	TBD	apicoplast_marker	moderate	PvFabI,enoyl-ACP reductase	Apicoplast fatty acid synthesis; triclosan target candidate	10.1126/science.285.5433.1573	10.1186/s12936-018-2462-1
FabZ	TBD	apicoplast_marker	moderate	PvFabZ,beta-hydroxyacyl-ACP dehydratase	Apicoplast fatty acid synthesis	10.1126/science.285.5433.1573	10.1186/s12936-018-2462-1
Cox1	PVP01_MIT01700	mitochondrial_marker	reference	PvCox1,cytochrome c oxidase subunit 1	Mitochondrial-encoded; common phylogeographic marker; conserved	10.1186/s13071-019-3502-z	10.3389/fitd.2023.1204195
Cox3	PVP01_MIT02500	mitochondrial_marker	reference	PvCox3,cytochrome c oxidase subunit 3	Mitochondrial-encoded; only three mt protein-coding genes	10.1186/s13071-019-3502-z	10.3389/fitd.2023.1204195
Alpha-tubulin	TBD	translation_housekeeping	reference	PvTubA,alpha-tubulin	Cytoskeletal housekeeping gene; selection-analysis control	10.1093/database/baaa036	10.1186/s12936-018-2462-1
Beta-tubulin	TBD	translation_housekeeping	reference	PvTubB,beta-tubulin	Cytoskeletal housekeeping gene; selection-analysis control	10.1093/database/baaa036	10.1186/s12936-018-2462-1
Actin-I	PVP01_1463200	translation_housekeeping	reference	PvActI,actin I	Cytoskeletal housekeeping gene; primary actin; control for purifying selection	10.1186/s12936-020-03467-3	10.1093/database/baaa036
Actin-II	TBD	translation_housekeeping	moderate	PvActII,actin II	Sexual-stage-restricted actin paralog; minor control	10.1186/s12936-020-03467-3	10.1093/database/baaa036
EF-1alpha	TBD	translation_housekeeping	reference	PvEF1a,elongation factor 1 alpha	Translation elongation; classic phylogeographic and housekeeping marker	10.1093/database/baaa036	10.1186/s12936-018-2462-1
EF-2	TBD	translation_housekeeping	reference	PvEF2,elongation factor 2	Translation elongation; conserved control	10.1093/database/baaa036	10.1186/s12936-018-2462-1
EF-Tu	PVP01_1206500	translation_housekeeping	reference	PvEF-Tu,elongation factor Tu	Apicoplast translation elongation factor	10.1093/database/baaa036	10.1186/s12936-018-2462-1
HSP70-1	TBD	translation_housekeeping	reference	PvHSP70,heat shock protein 70 (cytosolic)	Cytosolic chaperone; abundant control for purifying selection	10.1186/s12936-018-2462-1	10.1093/database/baaa036
HSP90	TBD	translation_housekeeping	reference	PvHSP90,heat shock protein 90	Cytosolic chaperone; antimalarial target candidate	10.1186/s12936-018-2462-1	10.1093/database/baaa036
Histone H3	PVP01_1138700	translation_housekeeping	reference	PvH3,histone H3	Core histone; extremely conserved; control for purifying selection	10.1371/journal.pbio.3000711	10.1186/s12936-018-2462-1
Histone H4	PVP01_0905800	translation_housekeeping	reference	PvH4,histone H4	Core histone; extremely conserved; control for purifying selection	10.1371/journal.pbio.3000711	10.1186/s12936-018-2462-1
Histone H2A	TBD	translation_housekeeping	reference	PvH2A,histone H2A	Core histone; conserved	10.1371/journal.pbio.3000711	10.1186/s12936-018-2462-1
Histone H2B	PVP01_0905900	translation_housekeeping	reference	PvH2B,histone H2B	Core histone; conserved	10.1371/journal.pbio.3000711	10.1186/s12936-018-2462-1
Profilin	PVP01_0730900	translation_housekeeping	moderate	PvProfilin,actin-binding profilin	Actin polymerization regulator; conserved	10.1093/database/baaa036	10.1186/s12936-020-03467-3
Calmodulin	TBD	translation_housekeeping	reference	PvCaM,calmodulin	Conserved Ca2+ sensor; housekeeping control	10.1093/database/baaa036	10.1186/s12936-018-2462-1
HP1	TBD	chromatin_regulator	high	PvHP1,heterochromatin protein 1	H3K9me3-binding heterochromatin protein; var/vir silencing; clonal antigenic variation	10.1371/journal.ppat.1000569	10.1186/s12936-018-2462-1
GCN5	TBD	chromatin_regulator	moderate	PvGCN5,histone acetyltransferase GCN5	H3K9/K14 acetyltransferase; gametocyte commitment regulator	10.1186/s12936-018-2462-1	10.1371/journal.ppat.1000569
SET2	TBD	chromatin_regulator	moderate	PvSET2,SET-domain methyltransferase 2	H3K36 methyltransferase; var/vir gene silencing	10.1128/spectrum.03891-22	10.1186/s12936-018-2462-1
SIR2A	TBD	chromatin_regulator	moderate	PvSIR2A,silent information regulator 2A	NAD+-dependent histone deacetylase; subtelomeric silencing	10.1371/journal.ppat.1000569	10.1186/s12936-018-2462-1
BDP1	TBD	chromatin_regulator	moderate	PvBDP1,bromodomain protein 1	Acetyl-lysine reader; invasion-gene activator	10.1186/s12936-018-2462-1	10.1371/journal.ppat.1000569
ASF1	PVP01_1442700	chromatin_regulator	moderate	PvASF1,anti-silencing function 1 histone chaperone	Histone H3-H4 chaperone; chromatin assembly	10.1371/journal.pbio.3000711	10.1186/s12936-018-2462-1
MSP-merozoite organizer	PVP01_0715400	other_essential	moderate	PvMerozoite organizing protein,MOP	Merozoite organizing protein; cytoskeletal assembly	10.1371/journal.pbio.3000711	10.1186/s12936-018-2462-1
SUB1	TBD	other_essential	high	PvSUB1,subtilisin-like protease 1	Activates merozoite egress proteases; conserved essential protease	10.1126/science.aaf8675	10.1186/s12936-018-2462-1
SUB2	TBD	other_essential	moderate	PvSUB2,subtilisin-like protease 2	Sheds merozoite surface proteins at invasion	10.1126/science.aaf8675	10.1186/s12936-018-2462-1
SERA4	TBD	other_essential	moderate	PvSERA4,serine repeat antigen 4	Papain-family cysteine protease; merozoite egress; vaccine candidate	10.1186/s12936-018-2462-1	10.1186/1475-2875-13-58
SERA5	TBD	other_essential	moderate	PvSERA5,serine repeat antigen 5	Egress protease zymogen; conserved across Plasmodium	10.1186/s12936-018-2462-1	10.1186/1475-2875-13-58
Vivapain-2	TBD	other_essential	moderate	PvVP2,falcipain ortholog,cysteine protease	Food-vacuole hemoglobin protease; drug target candidate	10.1186/s12936-018-2462-1	10.1186/1475-2875-13-58
Vivapain-3	TBD	other_essential	moderate	PvVP3,falcipain ortholog,cysteine protease	Food-vacuole hemoglobin protease; drug target candidate	10.1186/s12936-018-2462-1	10.1186/1475-2875-13-58
DPAP1	TBD	other_essential	moderate	PvDPAP1,dipeptidyl aminopeptidase 1	Food-vacuole hemoglobin digestion; drug target candidate	10.1186/s12936-018-2462-1	10.1186/1475-2875-13-58
M17 aminopeptidase	TBD	other_essential	moderate	PvLAP,leucine aminopeptidase	Hemoglobin digestion endpoint protease; drug target	10.1186/s12936-018-2462-1	10.1186/1475-2875-13-58
HRP2-like	TBD	other_essential	moderate	PvHRP,histidine-rich protein homolog	Histidine-rich proteins; heme detoxification context	10.1186/s12936-018-2462-1	10.1186/1475-2875-13-58
GBP130	TBD	cytoadherence	moderate	PvGBP,glycophorin-binding protein 130 homolog	Erythrocyte surface binding candidate; conserved	10.1186/s12936-022-04210-w	10.1093/infdis/jiaf539
VIR-cytoadherence exemplar	?PVP01_1117400	cytoadherence	high	PvVIR cytoadherent subgroup	Cytoadherence-implicated vir gene; reticulocyte-endothelial binding	10.1186/s12936-016-1497-x	10.1186/1471-2164-15-1085
SBP1-like	TBD	cytoadherence	moderate	PvSBP1,skeleton-binding protein 1 homolog	Maurer's-cleft-like protein; host-cell remodelling	10.1186/s12936-016-1497-x	10.1186/s12879-020-4885-3
KAHRP-like	TBD	cytoadherence	moderate	PvKAHRP-like,knob-associated histidine-rich protein homolog	Host-cell-remodelling candidate; cytoadherence	10.1186/s12936-016-1497-x	10.1186/s12879-020-4885-3
PVM-exported HSP	TBD	cytoadherence	moderate	PvHSP-export,exported heat shock protein	Exported chaperone; host-cell remodelling	10.1186/s12936-016-1497-x	10.1186/s12879-020-4885-3
